"the	",-1
"be	",1
"and	",1
"a	",-1
"of	",1
"to	",1
"in	",1
"i	",1
"you	",1
"it	",1
"have	",-1
"that	",1
"for	",1
"do	",1
"he	",1
"with	",1
"on	",1
"this	",1
"we	",1
"not	",-1
"but	",1
"they	",1
"say	",1
"at	",-1
"what	",1
"his	",1
"from	",1
"go	",1
"or	",1
"by	",1
"get	",1
"she	",1
"my	",1
"can	",-1
"as	",1
"know	",1
"if	",1
"me	",1
"your	",1
"all	",1
"who	",1
"about	",1
"their	",1
"will	",1
"so	",1
"would	",1
"make	",1
"just	",1
"up	",1
"think	",1
"time	",1
"there	",1
"see	",1
"her	",1
"out	",1
"one	",1
"come	",1
"people	",1
"take	",1
"year	",1
"him	",1
"them	",1
"some	",1
"want	",0
"how	",0
"when	",0
"which	",0
"now	",0
"like	",1
"other	",0
"could	",0
"our	",0
"into	",0
"here	",1
"then	",0
"than	",1
"look	",1
"way	",0
"more	",1
"these	",1
"no	",0
"thing	",0
"well	",0
"because	",0
"also	",0
"two	",0
"use	",0
"tell	",1
"good	",0
"first	",1
"man	",0
"day	",0
"find	",0
"give	",0
"new	",0
"us	",0
"any	",1
"those	",1
"very	",0
"need	",0
"back	",0
"should	",0
"even	",0
"only	",1
"many	",0
"really	",0
"work	",0
"life	",0
"why	",0
"right	",0
"down	",0
"try	",0
"let	",0
"something	",0
"too	",0
"call	",0
"woman	",0
"may	",0
"still	",1
"through	",0
"mean	",0
"after	",0
"never	",0
"world	",0
"feel	",0
"yeah	",0
"great	",0
"last	",0
"child	",1
"oh	",0
"over	",0
"ask	",0
"school	",0
"state	",0
"much	",0
"talk	",0
"keep	",0
"leave	",0
"put	",0
"help	",0
"big	",0
"where	",0
"same	",0
"own	",0
"while	",0
"start	",0
"three	",0
"high	",1
"every	",1
"another	",0
"become	",0
"most	",1
"between	",0
"happen	",0
"family	",0
"president	",0
"old	",0
"yes	",0
"house	",0
"show	",0
"again	",0
"student	",0
"seem	",0
"might	",0
"part	",1
"hear	",0
"its	",0
"place	",0
"problem	",0
"believe	",0
"country	",0
"always	",0
"week	",0
"point	",0
"hand	",0
"off	",0
"play	",0
"turn	",0
"few	",0
"group	",0
"such	",1
"against	",0
"run	",0
"guy	",0
"case	",0
"question	",0
"night	",0
"live	",0
"game	",0
"number	",0
"write	",0
"bring	",0
"without	",0
"money	",0
"lot	",0
"book	",0
"system	",1
"government	",0
"next	",0
"city	",0
"company	",0
"story	",0
"today	",1
"job	",0
"move	",1
"must	",0
"bad	",0
"friend	",0
"during	",0
"begin	",0
"love	",0
"each	",1
"hold	",0
"different	",1
"american	",0
"little	",0
"before	",0
"ever	",0
"word	",0
"fact	",0
"read	",0
"anything	",0
"nothing	",0
"sure	",0
"small	",0
"month	",0
"program	",0
"maybe	",1
"under	",0
"business	",0
"home	",0
"kind	",1
"stop	",0
"pay	",0
"study	",0
"since	",0
"issue	",0
"name	",0
"idea	",0
"room	",0
"percent	",0
"far	",0
"away	",0
"law	",0
"actually	",0
"large	",0
"though	",0
"provide	",0
"lose	",0
"power	",0
"kid	",1
"war	",0
"understand	",0
"head	",0
"mother	",0
"real	",0
"best	",0
"team	",0
"eye	",0
"long	",1
"side	",0
"water	",0
"young	",1
"wait	",0
"okay	",0
"both	",0
"yet	",0
"meet	",0
"service	",0
"area	",0
"important	",0
"person	",1
"hey	",0
"thank	",0
"someone	",0
"end	",0
"change	",0
"however	",0
"around	",1
"hour	",0
"everything	",0
"national	",0
"four	",0
"line	",1
"girl	",1
"watch	",0
"until	",0
"father	",0
"sit	",0
"create	",0
"information	",0
"car	",0
"learn	",0
"least	",0
"already	",0
"kill	",0
"minute	",0
"party	",0
"include	",0
"stand	",0
"together	",1
"follow	",0
"health	",0
hat,0
"remember	",0
"often	",0
"reason	",0
"speak	",0
"ago	",0
"set	",0
"black	",0
"member	",0
"community	",0
"once	",0
"social	",0
"news	",0
"allow	",0
"win	",0
"body	",0
"lead	",1
"continue	",0
"whether	",0
"enough	",0
"spend	",0
"level	",0
"able	",-1
"political	",0
"almost	",0
"boy	",1
"university	",0
"stay	",0
"add	",0
"later	",0
"five	",0
"probably	",0
"center	",0
"among	",0
"face	",0
"public	",0
"die	",0
"food	",0
"else	",0
"history	",0
"buy	",0
"result	",0
"morning	",0
"parent	",1
"office	",0
"course	",0
"send	",0
"research	",0
"walk	",1
"door	",0
"white	",0
"several	",0
"court	",0
"grow	",0
"better	",0
"open	",0
"moment	",1
"including	",0
"consider	",0
"within	",1
"second	",0
"late	",0
"street	",0
"free	",0
"everyone	",0
"policy	",0
"table	",1
"sorry	",0
"care	",0
"low	",0
"human	",0
"please	",0
"hope	",0
"TRUE	",0
"process	",1
"teacher	",0
"data	",1
"offer	",0
"death	",0
"whole	",0
"experience	",0
"plan	",0
"easy	",0
"education	",0
"build	",0
"expect	",0
"fall	",1
"himself	",0
"age	",0
"hard	",0
"sense	",0
"across	",0
"early	",0
"college	",0
"music	",0
"appear	",0
"mind	",0
"class	",0
"police	",0
"effect	",0
"season	",0
"tax	",0
"heart	",0
"son	",0
"art	",0
"possible	",0
"serve	",0
"break	",0
"although	",0
"market	",0
"air	",0
"force	",0
"require	",0
"foot	",0
"listen	",0
"agree	",0
"according	",0
"anyone	",0
"baby	",0
"wrong	",0
"cut	",0
"decide	",0
"republican	",0
"full	",0
"behind	",0
"pass	",0
"interest	",0
"sometimes	",0
"security	",0
"eat	",0
"report	",0
"control	",0
"rate	",0
"local	",0
"suggest	",0
"nation	",0
"sell	",0
"action	",0
"support	",0
"wife	",0
"decision	",0
"receive	",1
"value	",0
"base	",0
"pick	",0
"phone	",0
"thanks	",0
"event	",0
"drive	",0
"strong	",0
"reach	",0
"remain	",0
"explain	",0
"site	",0
"hit	",0
"pull	",0
"church	",0
"model	",0
"perhaps	",1
"relationship	",0
"six	",0
"fine	",0
"movie	",0
"field	",0
"raise	",0
"less	",1
"player	",0
"couple	",0
"million	",0
"themselves	",0
"record	",0
"especially	",0
"difference	",0
"light	",0
"development	",0
"federal	",0
"former	",0
"role	",0
"pretty	",0
"myself	",0
"view	",1
"price	",0
"effort	",1
"nice	",0
"quite	",0
"along	",0
"voice	",0
"finally	",1
"department	",0
"either	",0
"toward	",1
"leader	",1
"photo	",0
"wear	",0
"space	",0
"project	",0
"return	",0
"position	",0
"special	",0
"film	",0
"major	",0
"type	",1
"town	",0
"article	",0
"road	",0
"form	",0
"chance	",0
"drug	",0
"economic	",0
"situation	",0
"choose	",0
"practice	",0
"cause	",0
"happy	",0
"science	",0
"join	",0
"teach	",0
"develop	",0
"share	",0
"yourself	",0
"carry	",0
"clear	",0
"brother	",0
"matter	",0
"dead	",0
"image	",0
"star	",0
"cost	",0
"simply	",0
"post	",0
"society	",0
"picture	",0
"piece	",0
"paper	",0
"energy	",0
"personal	",0
"building	",0
"military	",0
"doctor	",0
"activity	",0
"exactly	",1
"media	",0
"miss	",0
"evidence	",0
"product	",0
"realize	",0
"save	",0
"arm	",0
"technology	",0
"catch	",0
"comment	",0
"term	",0
"color	",0
"cover	",0
"describe	",0
"guess	",0
"choice	",0
"source	",0
"mom	",0
"soon	",0
"director	",0
"international	",0
"rule	",0
"campaign	",0
"ground	",0
"election	",0
"uh	",0
"check	",0
"page	",1
"fight	",1
"itself	",0
"test	",0
"patient	",0
"produce	",0
"certain	",0
"whatever	",0
"half	",0
"video	",0
"throw	",0
"third	",0
"rest	",0
"recent	",0
"available	",1
"step	",0
"ready	",0
"opportunity	",0
"official	",0
"oil	",0
"organization	",0
"character	",0
"single	",0
"current	",0
"likely	",0
"county	",0
"future	",0
"dad	",0
"whose	",0
"shoot	",0
"industry	",0
"list	",0
"general	",0
"stuff	",0
"figure	",0
"attention	",0
"forget	",0
"risk	",0
"focus	",0
"short	",1
"fire	",0
"dog	",0
"red	",0
"hair	",0
"condition	",0
"wall	",0
"daughter	",0
"deal	",0
"author	",0
"truth	",0
"upon	",0
"husband	",0
"period	",0
"series	",0
"order	",0
"officer	",0
"close	",0
"land	",0
"note	",0
"computer	",0
"thought	",1
"economy	",0
"goal	",0
"bank	",0
"behavior	",0
"sound	",0
"certainly	",0
"nearly	",0
"increase	",0
"act	",0
"north	",0
"blood	",0
"culture	",0
"medical	",0
"ok	",0
"everybody	",0
"top	",0
"difficult	",0
"language	",0
"window	",0
"response	",0
"population	",0
"lie	",0
"tree	",0
"park	",0
"worker	",0
"draw	",0
"drop	",0
"push	",0
"earth	",0
"per	",0
"private	",0
"tonight	",0
"race	",0
"letter	",0
"gun	",0
"simple	",0
"wonder	",0
"involve	",0
"hell	",0
"poor	",0
"answer	",0
"nature	",0
"administration	",0
"common	",0
"message	",0
"song	",0
"enjoy	",0
"similar	",0
"congress	",0
"attack	",0
"past	",0
"hot	",0
"seek	",0
"amount	",0
"analysis	",1
"store	",0
"defense	",0
"bill	",0
"cell	",0
"performance	",0
"hospital	",0
"bed	",0
"board	",0
"protect	",0
"century	",0
"summer	",0
"material	",0
"individual	",0
"recently	",0
"example	",0
"represent	",1
"fill	",0
"animal	",0
"fail	",0
"factor	",1
"natural	",0
"sir	",0
"agency	",0
"usually	",0
"significant	",0
"ability	",1
"mile	",0
"statement	",0
"entire	",0
"democrat	",0
"floor	",0
"serious	",0
"career	",0
"dollar	",0
"vote	",0
"sex	",0
"compare	",0
"south	",0
"forward	",0
"subject	",0
"financial	",0
"identify	",0
"beautiful	",0
"decade	",0
"bit	",0
"reduce	",0
"sister	",0
"quality	",0
"quickly	",0
"press	",0
"worry	",0
"accept	",0
"enter	",0
"mention	",0
"thus	",0
"plant	",0
"movement	",1
"scene	",0
"section	",0
"treatment	",0
"wish	",0
"benefit	",0
"interesting	",0
"west	",0
"candidate	",0
"approach	",0
"determine	",0
"resource	",0
"claim	",0
"prove	",0
"sort	",1
"size	",0
"somebody	",0
"knowledge	",0
"rather	",0
"hang	",0
"sport	",0
"tv	",0
"loss	",0
"argue	",0
"left	",0
"meeting	",0
"skill	",0
"card	",0
"feeling	",0
"despite	",0
"degree	",0
"crime	",0
"sign	",0
"occur	",0
"imagine	",0
"near	",0
"king	",0
"box	",0
"present	",0
"seven	",0
"foreign	",0
"laugh	",0
"disease	",0
"lady	",0
"beyond	",0
"discuss	",0
"finish	",0
"design	",0
"concern	",0
"ball	",0
"east	",0
"recognize	",0
"apply	",0
"prepare	",0
"network	",0
"huge	",0
"success	",1
"district	",0
"cup	",0
"physical	",0
"growth	",0
"rise	",0
"hi	",0
"standard	",0
"fan	",0
"theory	",0
"staff	",0
"hurt	",0
"legal	",0
"september	",0
"outside	",1
"et	",0
"strategy	",0
"clearly	",0
"property	",0
"lay	",0
"final	",0
"authority	",0
"perfect	",0
"method	",0
"region	",0
"impact	",0
"indicate	",0
"safe	",0
"committee	",0
"supposed	",0
"dream	",0
"training	",0
"shit	",0
"central	",0
"option	",1
"eight	",0
"particularly	",0
"completely	",0
"opinion	",0
"main	",0
"ten	",0
"interview	",0
"exist	",0
"remove	",0
"dark	",0
"union	",0
"professor	",0
"pressure	",0
"purpose	",0
"stage	",0
"blue	",0
"herself	",0
"sun	",0
"pain	",0
"artist	",0
"employee	",0
"avoid	",0
"account	",0
"release	",0
"fund	",0
"environment	",0
"treat	",0
"specific	",0
"version	",0
"shot	",0
"hate	",0
"reality	",0
"visit	",0
"club	",0
"justice	",0
"river	",0
"brain	",0
"memory	",0
"rock	",0
"camera	",0
"global	",0
"various	",0
"arrive	",0
"notice	",0
"detail	",0
"challenge	",0
"argument	",0
"nobody	",0
"weapon	",0
"station	",0
"island	",0
"absolutely	",0
"instead	",0
"discussion	",0
"affect	",0
"anyway	",0
"respond	",0
"trouble	",0
"conversation	",0
"manage	",0
"date	",0
"army	",0
"charge	",0
"seat	",0
"assume	",0
"writer	",0
"perform	",0
"credit	",0
"green	",0
"marriage	",0
"operation	",0
"indeed	",0
"sleep	",0
"necessary	",0
"reveal	",0
"agent	",0
"access	",0
"bar	",0
"debate	",0
"leg	",0
"contain	",0
"beat	",0
"cool	",0
"democratic	",0
"cold	",0
"glass	",0
"improve	",0
"adult	",1
"trade	",0
"religious	",0
"review	",0
"address	",0
"association	",0
"measure	",0
"stock	",0
"gas	",0
"deep	",0
"lawyer	",0
"production	",0
"relate	",0
"middle	",0
"management	",0
"original	",0
"victim	",0
"cancer	",0
"speech	",0
"particular	",0
"trial	",0
"none	",0
"item	",0
"weight	",0
"tomorrow	",0
"positive	",0
"citizen	",0
"trip	",0
"establish	",0
"executive	",0
"politics	",0
"stick	",0
"customer	",0
"manager	",0
"publish	",0
"popular	",0
"sing	",0
"ahead	",0
"conference	",0
"total	",0
"discover	",0
"fast	",0
"direction	",0
"sunday	",0
"maintain	",0
"majority	",1
"peace	",0
"dinner	",0
"partner	",0
"user	",0
"above	",0
"fly	",0
"bag	",0
"therefore	",0
"rich	",0
"tough	",0
"owner	",0
"shall	",0
"inside	",1
"voter	",0
"tool	",0
"june	",0
"mountain	",0
"range	",0
"coach	",0
"fear	",0
"friday	",0
"attorney	",0
"unless	",0
"nor	",0
"expert	",0
"structure	",1
"budget	",0
"insurance	",0
"text	",0
"freedom	",0
"crazy	",0
"reader	",0
"style	",0
"march	",0
"machine	",0
"november	",0
"generation	",0
"income	",0
"born	",0
"admit	",0
"hello	",0
"onto	",0
"sea	",0
"mouth	",0
"throughout	",0
"web	",0
"shake	",0
"threat	",0
"solution	",0
"shut	",0
"travel	",0
"scientist	",0
"hide	",0
"obviously	",0
"refer	",1
"alone	",0
"drink	",0
"investigation	",0
"senator	",0
"unit	",0
"photograph	",0
"july	",0
"television	",0
"key	",0
"sexual	",0
"radio	",0
"prevent	",0
"modern	",0
"senate	",0
"violence	",0
"touch	",0
"feature	",0
"audience	",0
"evening	",0
"whom	",0
"front	",0
"hall	",0
"task	",0
"score	",0
"skin	",0
"suffer	",0
"wide	",0
"spring	",0
"civil	",0
"safety	",0
"weekend	",0
"worth	",0
"title	",1
"heat	",0
"normal	",0
"yard	",0
"finger	",0
"tend	",0
"mission	",0
"eventually	",1
"participant	",0
"hotel	",0
"judge	",0
"pattern	",0
"institution	",0
"faith	",0
"professional	",0
"reflect	",0
"folk	",0
"surface	",0
"client	",0
"edge	",0
"traditional	",0
"council	",0
"device	",0
"firm	",0
"environmental	",0
"responsibility	",0
"chair	",0
"internet	",0
"october	",0
"funny	",0
"immediately	",0
"investment	",0
"ship	",0
"effective	",0
"previous	",0
"content	",0
"consumer	",0
"element	",0
"nuclear	",0
"spirit	",0
"directly	",0
"afraid	",0
"define	",0
"handle	",0
"track	",0
"wind	",0
"lack	",0
"announce	",0
"journal	",0
"heavy	",0
"ice	",0
"collection	",0
"feed	",0
"soldier	",0
"governor	",0
"fish	",0
unaware,0
"shoulder	",0
"cultural	",0
"successful	",0
"fair	",0
"trust	",0
"suddenly	",0
"interested	",0
"deliver	",0
"saturday	",0
"editor	",0
"fresh	",0
"anybody	",0
"destroy	",0
"critical	",0
"agreement	",0
"powerful	",0
"researcher	",0
"concept	",0
"willing	",0
"band	",0
"marry	",0
"promise	",0
"easily	",0
"restaurant	",0
"league	",0
"senior	",0
"capital	",0
"anymore	",0
"april	",0
"potential	",0
"etc	",0
"quick	",0
"magazine	",0
"status	",0
"attend	",0
"replace	",0
"due	",0
"hill	",0
"kitchen	",0
"achieve	",0
"screen	",0
"generally	",0
"mistake	",0
"strike	",0
"battle	",0
"spot	",0
"basic	",0
"corner	",0
"target	",0
"driver	",0
"beginning	",0
"religion	",0
"crisis	",0
"count	",0
"museum	",0
"engage	",0
"communication	",0
"murder	",0
"blow	",0
"object	",0
"express	",0
"huh	",0
"encourage	",1
"blog	",0
"smile	",0
"belief	",0
"block	",0
"debt	",0
"labor	",0
"understanding	",0
"neighborhood	",0
"contract	",0
"species	",0
"additional	",0
"sample	",0
"involved	",0
"mostly	",0
"path	",0
"concerned	",0
"apple	",0
"conduct	",0
"god	",0
"wonderful	",0
"library	",0
"prison	",0
"hole	",0
"attempt	",0
"complete	",0
"code	",0
"sales	",0
"gift	",0
"refuse	",0
"garden	",0
"introduce	",0
"roll	",0
"christian	",0
"definitely	",0
"lake	",0
"earn	",0
"plane	",0
"vehicle	",0
"examine	",0
"application	",0
"thousand	",0
"coffee	",0
"gain	",0
"file	",0
"billion	",0
"reform	",0
"ignore	",0
"welcome	",0
"gold	",0
"jump	",0
"planet	",0
"location	",0
"bird	",0
"amazing	",0
"principle	",0
"promote	",0
"search	",0
"nine	",0
"alive	",0
"possibility	",1
"sky	",0
"otherwise	",0
"remind	",0
"healthy	",0
"fit	",0
"horse	",0
"advantage	",0
"commercial	",0
"steal	",0
"basis	",0
"context	",0
"highly	",0
"christmas	",0
"strength	",0
"monday	",0
"beach	",0
"survey	",0
"writing	",0
"master	",0
"cry	",0
"scale	",0
"resident	",0
"football	",0
"sweet	",0
"failure	",1
"reporter	",0
"commit	",0
"associate	",0
"vision	",0
"function	",0
"truly	",0
"sick	",0
"average	",0
"stupid	",0
"chinese	",0
"connection	",0
"camp	",0
"stone	",0
"hundred	",0
"truck	",0
"afternoon	",0
"responsible	",0
"secretary	",0
"apparently	",0
"smart	",0
"southern	",0
"totally	",0
"western	",0
"collect	",0
"conflict	",0
"burn	",0
"learning	",0
"wake	",0
"contribute	",0
"ride	",0
"british	",0
"following	",0
"newspaper	",0
"foundation	",0
"variety	",0
"perspective	",0
"document	",0
"presence	",0
"stare	",0
"lesson	",0
"limit	",0
"appreciate	",0
"observe	",0
"currently	",0
"fun	",0
"crowd	",0
"apartment	",0
"survive	",0
"guest	",0
"soul	",0
"protection	",0
"intelligence	",0
"yesterday	",0
"somewhere	",0
"border	",0
"reading	",0
"terms	",0
"leadership	",0
"chief	",0
"attitude	",0
"um	",0
"deny	",0
"website	",0
"seriously	",0
"actual	",0
"recall	",0
"fix	",0
"negative	",0
"connect	",0
"distance	",0
"regular	",0
"climate	",0
"relation	",0
"flight	",0
"dangerous	",0
"boat	",0
"aspect	",0
"grab	",0
"favorite	",0
"january	",0
"independent	",0
"volume	",0
"am	",0
"lots	",0
"online	",0
"theater	",0
"speed	",0
"aware	",0
"identity	",0
"demand	",0
"extra	",0
"guard	",0
"demonstrate	",0
"fully	",0
"tuesday	",0
"facility	",0
"farm	",0
"august	",0
"hire	",0
"link	",0
"shoe	",0
"institute	",0
"below	",0
"living	",0
"european	",0
"quarter	",0
"basically	",0
"forest	",0
"multiple	",0
"poll	",0
"wild	",0
"twice	",0
"cross	",0
"background	",0
"settle	",0
"winter	",0
"presidential	",0
"operate	",0
"fuck	",0
"daily	",0
"shop	",0
"division	",1
"slowly	",0
"advice	",0
"reaction	",0
"injury	",0
"ticket	",0
"grade	",0
"wow	",0
"birth	",0
"painting	",0
"outcome	",0
"enemy	",0
"damage	",0
"being	",0
"storm	",0
"shape	",0
"bowl	",0
"commission	",0
"captain	",0
"ear	",0
"troop	",0
"female	",0
"wood	",0
"warm	",0
"clean	",0
"minister	",0
"neighbor	",0
"tiny	",0
"mental	",0
"software	",0
"glad	",0
"finding	",0
"lord	",0
"temperature	",0
"quiet	",0
"spread	",0
"bright	",0
"influence	",0
"kick	",0
"annual	",0
"procedure	",0
"respect	",0
"wave	",0
"tradition	",0
"threaten	",0
"primary	",0
"strange	",0
"actor	",0
"blame	",0
"active	",0
"cat	",0
"depend	",0
"bus	",0
"clothes	",0
"affair	",0
"contact	",0
"category	",0
"topic	",0
"victory	",0
"direct	",0
"towards	",0
"map	",0
"egg	",0
"ensure	",0
"expression	",0
"session	",0
"competition	",0
"possibly	",0
"technique	",0
"mine	",0
"intend	",0
"impossible	",0
"moral	",0
"academic	",0
"wine	",0
"somehow	",0
"gather	",0
"scientific	",0
"african	",0
"cook	",0
"participate	",0
"gay	",0
"appropriate	",0
"youth	",0
"dress	",0
"straight	",0
"weather	",0
"recommend	",0
"medicine	",0
"novel	",0
"obvious	",0
"thursday	",0
"exchange	",0
"explore	",1
"extend	",0
"bay	",0
"invite	",0
"tie	",0
"ah	",0
"belong	",0
"obtain	",0
"broad	",0
"conclusion	",0
"progress	",0
"surprise	",0
"assessment	",0
"cash	",0
"defend	",0
"pound	",0
"correct	",0
"married	",0
"pair	",0
"slightly	",0
"loan	",0
"village	",0
"suit	",0
"historical	",0
"meaning	",0
"supply	",0
"lift	",0
"ourselves	",0
"honey	",0
"bone	",0
"consequence	",0
"unique	",0
"regulation	",0
"award	",0
"bottom	",0
"excuse	",0
"familiar	",0
"classroom	",0
"reference	",1
"emerge	",0
"lunch	",0
"ad	",0
"desire	",0
"instruction	",0
"emergency	",0
"thinking	",0
"tour	",0
"french	",0
"combine	",0
"moon	",0
"sad	",0
"december	",0
"anywhere	",0
"chicken	",0
"fuel	",0
"train	",0
"abuse	",0
"construction	",0
"wednesday	",0
"deserve	",0
"famous	",0
"intervention	",0
"grand	",0
"confirm	",0
"lucky	",0
"insist	",0
"coast	",0
"proud	",0
"fourth	",0
"cop	",0
"angry	",0
"native	",0
"supreme	",0
"baseball	",0
"email	",0
"accident	",0
"duty	",0
"growing	",0
"struggle	",0
"revenue	",0
"expand	",0
"launch	",0
"trend	",0
"ring	",0
"repeat	",0
"breath	",0
"inch	",0
"neck	",0
"core	",0
"terrible	",0
"relatively	",0
"complex	",1
"slow	",0
"soft	",0
"generate	",0
"extremely	",0
"forever	",0
"corporate	",0
"prefer	",0
"except	",0
"cheap	",0
"literature	",0
"mayor	",0
"male	",0
"importance	",0
"danger	",0
"emotional	",0
"knee	",0
"ass	",0
"capture	",0
"traffic	",0
"fucking	",0
"plate	",0
"equipment	",0
"select	",0
"studio	",0
"expensive	",0
"secret	",0
"engine	",0
"adopt	",0
"luck	",0
"via	",0
"pm	",0
"panel	",0
"hero	",0
"circle	",0
"critic	",0
"solve	",0
"busy	",0
"episode	",0
"requirement	",0
"politician	",0
"rain	",0
"colleague	",0
"disappear	",0
"beer	",0
"predict	",0
"exercise	",0
"tired	",0
"democracy	",0
"ultimately	",1
"setting	",0
"honor	",0
"works	",0
"unfortunately	",0
"theme	",0
"united	",0
"pool	",0
"educational	",0
"empty	",0
"comfortable	",0
"investigate	",0
"useful	",0
"pocket	",0
"digital	",0
"plenty	",0
"entirely	",0
"afford	",0
"sugar	",0
"teaching	",0
"conservative	",0
"chairman	",0
"error	",0
"bridge	",0
"tall	",1
"specifically	",0
"flower	",0
"universe	",0
"acknowledge	",0
"coverage	",0
"crew	",0
"locate	",0
"balance	",0
"equal	",0
"lip	",0
"lean	",0
"zone	",0
"wedding	",0
"copy	",0
"joke	",0
"used	",0
"bear	",0
"meal	",0
"minority	",1
"sight	",0
"russian	",0
"soviet	",0
"profit	",0
"careful	",0
"gender	",0
"tape	",0
"ocean	",0
"unidentified	",0
"host	",0
"grant	",1
"circumstance	",0
"boss	",0
"declare	",0
"domestic	",0
"tea	",0
"organize	",0
"english	",0
"neither	",0
"surround	",0
"manner	",0
"surprised	",0
"percentage	",0
"massive	",0
"cloud	",0
"winner	",0
"honest	",0
"propose	",0
"rely	",0
"plus	",0
"sentence	",0
"request	",0
"appearance	",0
"regarding	",0
"excellent	",0
"criminal	",0
"salt	",0
"beauty	",0
"bottle	",0
"component	",0
"fee	",0
"jewish	",1
"yours	",0
"dry	",0
"dance	",0
"shirt	",0
"tip	",0
"plastic	",0
"indian	",0
"mark	",0
"tooth	",0
"meat	",0
"stress	",0
"illegal	",0
"significantly	",0
"february	",0
"constitution	",0
"definition	",0
"uncle	",0
"metal	",0
"album	",0
"self	",0
"suppose	",0
"investor	",0
"fruit	",0
"holy	",0
"desk	",1
"eastern	",0
"valley	",0
"largely	",0
"abortion	",0
"chapter	",0
"commitment	",0
"celebrate	",0
"arrest	",0
"prime	",0
"urban	",0
"internal	",0
"bother	",0
"proposal	",0
"shift	",0
"capacity	",0
"guilty	",0
"warn	",0
"weak	",0
"catholic	",0
"nose	",0
"variable	",0
"convention	",0
"jury	",0
"root	",0
"incident	",0
"climb	",0
"hearing	",0
"everywhere	",0
"payment	",0
"conclude	",0
"scream	",0
"surgery	",0
"shadow	",0
"witness	",0
"increasingly	",0
"chest	",0
"amendment	",0
"paint	",0
"complain	",1
"extent	",0
"pleasure	",0
"nod	",0
"holiday	",0
"super	",0
"talent	",0
"necessarily	",0
"liberal	",0
"expectation	",0
"accuse	",0
"knock	",0
"previously	",0
"wing	",0
"corporation	",0
"sector	",0
"fat	",0
"experiment	",0
"match	",0
"thin	",0
"farmer	",0
"rare	",0
"confidence	",0
"bunch	",0
"bet	",0
"cite	",0
"northern	",0
"speaker	",0
"breast	",0
"contribution	",0
"leaf	",0
"creative	",0
"interaction	",0
"hat	",0
"doubt	",0
"pursue	",0
"overall	",0
"nurse	",0
"longterm	",0
"gene	",0
"package	",0
"weird	",0
"difficulty	",0
"hardly	",0
"daddy	",0
"estimate	",0
"era	",0
"aid	",0
"vs	",0
"invest	",0
"personally	",0
"notion	",0
"explanation	",0
"airport	",0
"chain	",0
"expose	",0
"lock	",0
"convince	",0
"channel	",0
"carefully	",0
"tear	",0
"estate	",0
"initial	",0
"purchase	",0
"guide	",0
"forth	",0
"bond	",0
"birthday	",0
"pray	",0
"improvement	",0
"ancient	",0
"ought	",0
"escape	",0
"trail	",0
"brown	",0
"fashion	",0
"length	",0
"sheet	",0
"funding	",0
"meanwhile	",0
"fault	",0
"barely	",0
"eliminate	",0
"motion	",1
"essential	",0
"apart	",0
"combination	",0
"limited	",0
"description	",0
"mix	",0
"snow	",0
"implement	",0
"proper	",0
"marketing	",0
"approve	",0
"bomb	",0
"slip	",0
"regional	",0
"muscle	",0
"FALSE	",0
"creation	",0
"typically	",0
"spending	",0
"instrument	",0
"mass	",0
"thick	",0
"kiss	",0
"increased	",0
"inspire	",0
"separate	",1
"noise	",0
"yellow	",0
"aim	",0
"cycle	",0
"signal	",0
"app	",0
"golden	",0
"reject	",0
"inform	",0
"perception	",0
"visitor	",0
"cast	",0
"contrast	",0
"judgment	",0
"representative	",0
"regime	",0
"merely	",0
"producer	",0
"whoa	",0
"route	",0
"typical	",0
"analyst	",0
"elect	",0
"smell	",0
"disability	",0
"comparison	",0
"rating	",0
"campus	",0
"assess	",0
"solid	",0
"branch	",0
"mad	",0
"somewhat	",0
"gentleman	",0
"opposition	",0
"suspect	",0
"aside	",0
"athlete	",0
"opening	",0
"prayer	",0
"frequently	",0
"employ	",0
"basketball	",0
"existing	",0
"revolution	",0
"click	",0
"emotion	",0
"platform	",0
"frame	",0
"appeal	",0
"quote	",0
"brand	",0
"enable	",0
"legislation	",0
"addition	",0
"lab	",0
"oppose	",0
"row	",0
"immigration	",0
"asset	",0
"observation	",0
"taste	",0
"decline	",0
"attract	",0
"ha	",0
"household	",0
"breathe	",0
"existence	",0
"mirror	",0
"pilot	",1
"relief	",0
"milk	",0
"warning	",0
"heaven	",0
"flow	",0
"literally	",0
"quit	",0
"calorie	",0
"seed	",0
"vast	",0
"bike	",0
"german	",0
"employer	",0
"drag	",0
"technical	",0
"disaster	",0
"display	",0
"sale	",0
"bathroom	",0
"succeed	",0
"consistent	",1
"agenda	",0
"enforcement	",0
"diet	",0
"silence	",0
"journalist	",0
"bible	",0
"queen	",0
"divide	",0
"expense	",0
"cream	",0
"exposure	",0
"priority	",0
"soil	",0
"angel	",0
"journey	",0
"relevant	",0
"tank	",0
"cheese	",0
"schedule	",0
"bedroom	",0
"tone	",0
"selection	",0
"perfectly	",0
"wheel	",0
"gap	",0
"veteran	",0
"disagree	",0
"characteristic	",0
"protein	",0
"resolution	",0
"regard	",0
"fewer	",0
"engineer	",0
"dish	",0
"waste	",0
"print	",0
"depression	",0
"dude	",0
"upper	",0
"wrap	",0
"ceo	",0
"visual	",0
"initiative	",0
"rush	",0
"gate	",0
"whenever	",0
"entry	",0
"japanese	",0
"gray	",0
"assistance	",0
"height	",0
"compete	",0
"essentially	",0
"phase	",0
"recover	",0
"criticism	",0
"faculty	",0
"achievement	",0
"alcohol	",0
"therapy	",0
"offense	",0
"killer	",0
"personality	",0
"landscape	",0
"deeply	",0
"reasonable	",0
"suck	",0
"transition	",0
"fairly	",0
"column	",0
"wash	",0
"button	",0
"opponent	",0
"pour	",0
"immigrant	",0
"distribution	",0
"golf	",0
"pregnant	",0
"unable	",0
"alternative	",0
"violent	",0
"portion	",0
"acquire	",0
"suicide	",0
"stretch	",0
"deficit	",0
"symptom	",0
"solar	",0
"complaint	",0
"capable	",0
"analyze	",0
"scared	",0
"supporter	",0
"dig	",0
"twenty	",0
"pretend	",0
"philosophy	",0
"childhood	",0
"lower	",0
"wealth	",0
"welfare	",0
"poverty	",0
"prosecutor	",0
"spiritual	",0
"double	",0
"evaluate	",0
"israeli	",0
"reply	",0
"buck	",0
"knife	",0
"round	",0
"tech	",0
"detective	",0
"pack	",0
"disorder	",0
"creature	",0
"closely	",0
"industrial	",0
"housing	",0
"chip	",0
"regardless	",0
"numerous	",0
"command	",0
"shooting	",0
"dozen	",0
"pop	",0
"layer	",0
"bread	",0
"exception	",0
"passion	",0
"highway	",0
"pure	",0
"commander	",0
"extreme	",0
"publication	",0
"vice	",0
"fellow	",0
"mystery	",0
"championship	",0
"install	",0
"tale	",0
"liberty	",0
"beneath	",0
"passenger	",0
"physician	",0
"graduate	",0
"sharp	",0
"substance	",0
"atmosphere	",0
"stir	",0
"muslim	",0
"passage	",0
"pepper	",0
"emphasize	",0
"cable	",0
"square	",1
"recipe	",0
"load	",0
"beside	",0
"roof	",0
"vegetable	",0
"accomplish	",0
"silent	",0
"habit	",0
"discovery	",0
"recovery	",0
"dna	",0
"territory	",0
"girlfriend	",0
"consist	",0
"surely	",0
"proof	",0
"nervous	",0
"immediate	",0
"parking	",0
"sin	",0
"unusual	",0
"rice	",0
"engineering	",0
"advance	",0
"bury	",0
"cake	",0
"anonymous	",0
"flag	",0
"contemporary	",0
"jail	",0
"rural	",0
"interpretation	",0
"wage	",0
"breakfast	",0
"severe	",0
"profile	",0
"saving	",0
"brief	",0
"adjust	",0
"reduction	",0
"constantly	",0
"assist	",0
"bitch	",0
"constant	",0
"permit	",0
"primarily	",0
"entertainment	",0
"shout	",0
"academy	",0
"teaspoon	",0
"transfer	",0
"usual	",0
"ally	",0
"clinical	",0
"swear	",0
"avenue	",0
"priest	",0
"employment	",0
"relax	",0
"owe	",-1
"transform	",0
"grass	",0
"narrow	",0
"ethnic	",0
"scholar	",0
"edition	",0
"abandon	",0
"practical	",0
"infection	",0
"musical	",0
"suggestion	",0
"resistance	",0
"smoke	",0
"prince	",0
"illness	",0
"embrace	",0
"republic	",0
"volunteer	",0
"evaluation	",0
"opposite	",0
"awesome	",0
"switch	",0
"iraqi	",0
"iron	",0
"perceive	",0
"fundamental	",0
"phrase	",0
"assumption	",0
"sand	",0
"designer	",0
"planning	",0
"leading	",0
"mode	",0
"widely	",0
"occasion	",0
"pose	",0
"approximately	",0
"retire	",0
"elsewhere	",0
"festival	",0
"cap	",0
"secure	",0
"attach	",0
"mechanism	",0
"intention	",0
"scenario	",0
"yell	",0
"incredible	",0
"spanish	",0
"strongly	",0
"racial	",0
"transportation	",0
"pot	",0
"boyfriend	",0
"consideration	",0
"prior	",0
"retirement	",0
"rarely	",0
"joint	",0
"preserve	",0
"enormous	",0
"cigarette	",0
"factory	",0
"valuable	",0
"clip	",0
"electric	",0
"giant	",0
"slave	",0
"submit	",0
"effectively	",0
"monitor	",0
"resolve	",0
"remaining	",0
"participation	",0
"stream	",0
"rid	",0
"origin	",0
"teen	",0
"congressional	",0
"bind	",0
"coat	",0
"tower	",0
"license	",0
"twitter	",0
"impose	",0
"innocent	",0
"curriculum	",0
"mail	",0
"insight	",1
"investigator	",0
"virus	",0
"hurricane	",0
"accurate	",0
"provision	",0
"communicate	",0
"vary	",0
"jacket	",0
"increasing	",0
"equally	",0
"implication	",0
"fiction	",0
"protest	",0
"mama	",0
"imply	",0
"twin	",0
"pant	",0
"bend	",0
"shock	",0
"criteria	",0
"arab	",1
"dirty	",0
"toy	",0
"potentially	",0
"assault	",0
"peak	",0
"anger	",0
"boot	",0
"dramatic	",0
"peer	",0
"enhance	",0
"math	",0
"slide	",0
"favor	",0
"pink	",0
"dust	",0
"aunt	",0
"lost	",0
"prospect	",0
"mood	",0
"mmhmm	",0
"settlement	",0
"justify	",0
"depth	",0
"juice	",0
"formal	",0
"virtually	",0
"gallery	",0
"tension	",0
"throat	",0
"draft	",0
"reputation	",0
"index	",0
"normally	",0
"mess	",0
"joy	",0
"steel	",0
"motor	",0
"enterprise	",0
"salary	",0
"moreover	",0
"cousin	",0
"ordinary	",0
"evolution	",0
"socalled	",0
"helpful	",0
"competitive	",0
"lovely	",0
"fishing	",0
"anxiety	",0
"carbon	",0
"essay	",0
"islamic	",0
"drama	",0
"odd	",0
"evil	",0
"stranger	",0
"belt	",0
"urge	",0
"toss	",0
"fifth	",0
"formula	",0
"potato	",0
"monster	",0
"telephone	",0
"rape	",0
"palm	",0
"jet	",0
"navy	",0
"excited	",0
"plot	",0
"angle	",0
"criticize	",0
"prisoner	",0
"discipline	",0
"negotiation	",0
"damn	",0
"butter	",0
"desert	",0
"complicated	",0
"prize	",0
"blind	",0
"assign	",0
"bullet	",0
"awareness	",0
"sequence	",0
"illustrate	",0
"provider	",0
"minor	",0
"activist	",0
"poem	",0
"vacation	",0
"weigh	",0
"gang	",0
"privacy	",0
"clock	",0
"arrange	",0
"penalty	",0
"stomach	",0
"concert	",0
"originally	",0
"statistics	",0
"electronic	",0
"properly	",0
"bureau	",0
"wolf	",0
"and/or	",0
"classic	",0
"recommendation	",0
"exciting	",0
"maker	",0
"dear	",0
"impression	",0
"broken	",0
"battery	",0
"narrative	",0
"arise	",0
"sake	",0
"delivery	",0
"forgive	",0
"visible	",0
"heavily	",0
"junior	",0
"rep	",0
"diversity	",0
"string	",0
"lawsuit	",0
"latter	",0
"cute	",0
"deputy	",0
"restore	",0
"buddy	",0
"psychological	",0
"besides	",0
"intense	",0
"friendly	",0
"lane	",0
"hungry	",0
"bean	",0
"sauce	",0
"dominate	",0
"testing	",0
"trick	",0
"fantasy	",0
"absence	",0
"offensive	",0
"symbol	",0
"recognition	",0
"detect	",0
"tablespoon	",0
"construct	",0
"hmm	",0
"approval	",0
"aids	",0
"whereas	",0
"defensive	",0
"independence	",0
"apologize	",0
"asian	",0
"rose	",0
"ghost	",0
"involvement	",0
"permanent	",0
"wire	",0
"whisper	",0
"mouse	",0
"airline	",0
"founder	",0
"objective	",0
"nowhere	",0
"phenomenon	",0
"evolve	",0
"exact	",0
"silver	",0
"cent	",0
"universal	",0
"teenager	",0
"crucial	",0
"viewer	",0
"ridiculous	",0
"chocolate	",0
"sensitive	",0
"grandmother	",0
"missile	",0
"roughly	",0
"constitutional	",0
"adventure	",0
"genetic	",0
"related	",0
"swing	",0
"ultimate	",0
"manufacturer	",0
"unknown	",0
"wipe	",0
"crop	",0
"survival	",0
"dimension	",0
"resist	",0
"darkness	",0
"guarantee	",0
"historic	",0
"educator	",0
"rough	",0
"personnel	",0
"confront	",0
"terrorist	",0
"royal	",0
"elite	",0
"occupy	",1
"emphasis	",0
"wet	",0
"destruction	",0
"raw	",0
"inner	",0
"proceed	",0
"violate	",0
"chart	",0
"pace	",0
"finance	",0
"champion	",0
"snap	",0
"advise	",0
"initially	",0
"advanced	",0
"unlikely	",0
"barrier	",0
"advocate	",0
"label	",0
"horrible	",0
"burden	",0
"violation	",0
"unlike	",0
"idiot	",0
"lifetime	",0
"working	",0
"ongoing	",0
"react	",0
"routine	",0
"presentation	",0
"gear	",0
"mexican	",0
"stadium	",0
"translate	",0
"mortgage	",0
"sheriff	",0
"clinic	",0
"spin	",0
"coalition	",0
"naturally	",0
"hopefully	",0
"menu	",0
"smooth	",0
"advertising	",0
"interpret	",0
"dismiss	",0
"apparent	",0
"arrangement	",0
"incorporate	",0
"split	",0
"brilliant	",0
"storage	",0
"framework	",0
"honestly	",0
"chase	",0
"sigh	",0
"assure	",0
"utility	",0
"aggressive	",0
"cookie	",0
"terror	",0
"wealthy	",0
"update	",0
"forum	",0
"alliance	",0
"possess	",0
"empire	",0
"curious	",0
"corn	",0
"calculate	",0
"hurry	",0
"testimony	",0
"elementary	",0
"stake	",0
"precisely	",1
"bite	",1
"given	",0
"substantial	",0
"depending	",0
"glance	",0
"tissue	",0
"concentration	",0
"developer	",0
"found	",0
"ballot	",0
"consume	",0
"overcome	",0
"biological	",0
"chamber	",0
"similarly	",0
"dare	",0
"developing	",0
"tiger	",0
"ratio	",0
"lover	",0
"expansion	",0
"encounter	",0
"occasionally	",0
"unemployment	",0
"pet	",0
"awful	",0
"laboratory	",0
"administrator	",0
"quarterback	",0
"rocket	",0
"preparation	",0
"relative	",0
"confident	",0
"strategic	",0
"marine	",0
"publisher	",0
"innovation	",0
"highlight	",0
"nut	",0
"fighter	",0
"rank	",0
"electricity	",0
"instance	",0
"fortune	",0
"freeze	",0
"variation	",0
"armed	",0
"negotiate	",0
"laughter	",0
"wisdom	",0
"correspondent	",0
"mixture	",0
"assistant	",0
"retain	",0
"tomato	",0
"testify	",0
"ingredient	",0
"galaxy	",0
"qualify	",0
"scheme	",0
"gop	",0
"shame	",0
"concentrate	",0
"contest	",0
"introduction	",0
"boundary	",0
"tube	",0
"versus	",0
"chef	",0
"regularly	",0
"ugly	",0
"screw	",0
"tongue	",0
"palestinian	",0
"fiscal	",0
"creek	",0
"hip	",0
"accompany	",0
"terrorism	",0
"respondent	",0
"narrator	",0
"voting	",0
"refugee	",0
"assembly	",0
"fraud	",0
"limitation	",0
"partnership	",0
"crash	",0
"representation	",0
"ministry	",0
"flat	",0
"wise	",0
"register	",0
"comedy	",0
"tap	",0
"infrastructure	",0
"organic	",0
"islam	",0
"diverse	",0
"intellectual	",0
"tight	",0
"port	",0
"fate	",0
"absolute	",0
"dialogue	",0
"frequency	",0
"tribe	",0
"external	",0
"appointment	",0
"convert	",0
"surprising	",0
"mobile	",0
"establishment	",0
"worried	",0
"bye	",0
"shopping	",0
"celebrity	",0
"congressman	",0
"impress	",0
"taxpayer	",0
"adapt	",0
"publicly	",0
"pride	",0
"clothing	",0
"rapidly	",0
"domain	",0
"mainly	",0
"ceiling	",0
"alter	",0
"shelter	",0
"random	",0
"obligation	",0
"shower	",0
"beg	",0
"asleep	",0
"musician	",0
"extraordinary	",0
"dirt	",0
"pc	",0
"bell	",0
"ceremony	",0
"clue	",0
"guideline	",0
"comfort	",0
"pregnancy	",0
"borrow	",0
"conventional	",0
"tourist	",0
"incentive	",0
"custom	",0
"cheek	",0
"tournament	",0
"satellite	",0
"nearby	",0
"comprehensive	",0
"stable	",0
"medication	",0
"script	",0
"educate	",0
"efficient	",0
"scare	",0
"psychology	",0
"logic	",0
"economics	",0
"nevertheless	",0
"devil	",0
"thirty	",0
"charity	",0
"fiber	",0
"ideal	",0
"friendship	",0
"net	",0
"motivation	",0
"differently	",0
"reserve	",0
"observer	",0
"humanity	",0
"survivor	",0
"fence	",0
"quietly	",0
"humor	",0
"funeral	",0
"spokesman	",0
"extension	",0
"loose	",0
"sink	",0
"historian	",0
"ruin	",0
"chemical	",0
"singer	",0
"drunk	",0
"swim	",0
"onion	",0
"specialist	",0
"missing	",0
"pan	",0
"distribute	",0
"silly	",0
"deck	",0
"reflection	",0
"shortly	",0
"database	",0
"remote	",0
"permission	",0
"remarkable	",0
"everyday	",0
"lifestyle	",0
"sweep	",0
"naked	",0
"sufficient	",0
"lion	",0
"consumption	",0
"capability	",1
"emission	",0
"sidebar	",0
"crap	",0
"dealer	",0
"measurement	",0
"vital	",0
"impressive	",0
"bake	",0
"fantastic	",0
"adviser	",0
"yield	",0
"mere	",0
"imagination	",0
"radical	",0
"tragedy	",0
"scary	",0
"consultant	",0
"lieutenant	",0
"upset	",0
"attractive	",0
"acre	",0
"drawing	",0
"defeat	",0
"newly	",0
"scandal	",0
"ambassador	",0
"ooh	",0
"bench	",0
"counter	",0
"odds	",0
"rat	",0
"horror	",0
"vulnerable	",0
"prevention	",0
"segment	",0
"ban	",0
"tail	",0
"constitute	",0
"badly	",0
"bless	",0
"literary	",0
"magic	",0
"implementation	",0
"legitimate	",0
"slight	",0
"strip	",0
"desperate	",0
"distant	",0
"preference	",0
"politically	",0
"feedback	",0
"healthcare	",0
"italian	",0
"detailed	",0
"buyer	",0
"cooperation	",0
"profession	",0
"incredibly	",0
"orange	",0
ketchup,0
"killing	",0
"sue	",0
"photographer	",0
"running	",0
"engagement	",0
"differ	",0
"pitch	",0
"extensive	",0
"salad	",0
"stair	",0
"grace	",0
"divorce	",0
"vessel	",0
"pig	",0
"assignment	",0
"distinction	",0
"circuit	",0
"acid	",0
"canadian	",0
"flee	",0
"efficiency	",0
"memorial	",0
"proposed	",0
"entity	",0
"iphone	",0
"punishment	",0
"pause	",0
"pill	",0
"rub	",0
"romantic	",0
"myth	",0
"economist	",0
"latin	",0
"decent	",0
"craft	",0
"poetry	",0
"thread	",0
"wooden	",0
"confuse	",1
"privilege	",0
"coal	",1
"fool	",0
"cow	",0
"characterize	",0
"pie	",0
"decrease	",0
"resort	",0
"legacy	",0
"re	",0
"frankly	",0
"cancel	",0
"derive	",0
"dumb	",0
"scope	",0
"formation	",0
"grandfather	",0
"hence	",0
"margin	",0
"wound	",0
"exhibition	",0
"legislature	",0
"furthermore	",0
"portrait	",0
"sustain	",0
"uniform	",0
"painful	",0
"loud	",0
"miracle	",0
"harm	",0
"zero	",0
"tactic	",0
"mask	",0
"calm	",0
"inflation	",0
"hunting	",0
"physically	",0
"flesh	",0
"temporary	",1
"nerve	",0
"lung	",0
"steady	",0
"headline	",1
"sudden	",0
"successfully	",0
"defendant	",0
"pole	",0
"satisfy	",0
"entrance	",0
"aircraft	",0
"withdraw	",0
"cabinet	",0
"repeatedly	",0
"happiness	",0
"admission	",0
"correlation	",0
"proportion	",0
"dispute	",0
"candy	",0
"reward	",0
"counselor	",0
"recording	",0
"pile	",0
"explosion	",0
"appoint	",0
"couch	",0
"cognitive	",0
"furniture	",0
"significance	",0
"grateful	",0
"commissioner	",0
"shelf	",0
"tremendous	",0
"warrior	",0
"physics	",0
"garage	",0
"flavor	",0
"squeeze	",0
"prominent	",0
"fifty	",0
"fade	",0
"oven	",0
"satisfaction	",0
"discrimination	",0
"recession	",0
"allegation	",0
"boom	",0
"weekly	",0
"lately	",0
"restriction	",0
"diamond	",0
"crack	",0
"conviction	",0
"heel	",0
"fake	",0
"fame	",0
"shine	",0
"playoff	",0
"actress	",0
"cheat	",0
"format	",0
"controversy	",0
"auto	",0
"grocery	",0
"headquarters	",0
"rip	",0
"shade	",0
"regulate	",0
"meter	",0
"olympic	",0
"pipe	",0
"celebration	",0
"handful	",0
"copyright	",0
"dependent	",0
"signature	",0
"bishop	",0
"strengthen	",0
"soup	",0
"entitle	",0
"whoever	",0
"carrier	",0
"anniversary	",0
"pizza	",0
"ethics	",0
"legend	",0
"eagle	",0
"scholarship	",0
"membership	",0
"standing	",0
"possession	",0
"treaty	",0
"partly	",0
"consciousness	",0
"manufacturing	",0
"announcement	",0
"tire	",0
"makeup	",0
"prediction	",0
"stability	",0
"trace	",0
"norm	",0
"irish	",0
"genius	",0
"gently	",0
"operator	",0
"mall	",0
"rumor	",0
"poet	",0
"tendency	",0
"subsequent	",0
"alien	",0
"explode	",0
"controversial	",0
"maintenance	",0
"courage	",0
"exceed	",0
"principal	",0
"vaccine	",0
"identification	",0
"sandwich	",0
"bull	",0
"lens	",0
"twelve	",0
"mainstream	",0
"presidency	",0
"integrity	",0
"distinct	",0
"intelligent	",0
"secondary	",0
"bias	",0
"hypothesis	",0
"fifteen	",0
"nomination	",0
"delay	",0
"adjustment	",0
"sanction	",0
"render	",0
"acceptable	",0
"mutual	",0
"examination	",0
"meaningful	",0
"communist	",0
"superior	",0
"currency	",0
"collective	",0
"flame	",0
"guitar	",0
"doctrine	",0
"float	",0
"commerce	",0
"invent	",0
"robot	",0
"rapid	",0
"plain	",0
"respectively	",0
"particle	",0
"glove	",0
"till	",0
"edit	",0
"moderate	",0
"jazz	",0
"infant	",0
"summary	",0
"server	",0
"leather	",0
"radiation	",0
"prompt	",0
"composition	",0
"operating	",0
"assert	",0
"discourse	",0
"dump	",0
"wildlife	",0
"soccer	",0
"mandate	",0
"downtown	",0
"nightmare	",0
"barrel	",0
"homeless	",0
"globe	",0
"uncomfortable	",0
"execute	",0
"trap	",0
"gesture	",0
"pale	",0
"tent	",0
"receiver	",0
"horizon	",0
"diagnosis	",0
"considerable	",0
"gospel	",0
"automatically	",0
"fighting	",0
"stroke	",0
"wander	",0
"duck	",0
"grain	",0
"beast	",0
"remark	",0
"fabric	",0
"civilization	",0
"corruption	",0
"collapse	",0
"ma'am	",0
"greatly	",0
"workshop	",0
"inquiry	",0
"cd	",0
"admire	",0
"exclude	",0
"rifle	",0
"closet	",0
"reporting	",0
"curve	",0
"patch	",0
"touchdown	",0
"experimental	",0
"earnings	",0
"hunter	",0
"tunnel	",0
"corps	",0
"behave	",0
"rent	",0
"motivate	",0
"attribute	",0
"elderly	",0
"virtual	",0
bulk,0
"minimum	",0
"weakness	",0
"progressive	",0
"doc	",0
"medium	",0
"virtue	",0
"ounce	",0
"athletic	",0
"confusion	",0
"legislative	",0
"facilitate	",0
"midnight	",0
"deer	",0
"undergo	",0
"heritage	",0
"summit	",0
"sword	",0
"telescope	",0
"donate	",0
"blade	",0
"toe	",0
"agriculture	",0
"enforce	",0
"recruit	",0
"dose	",0
"concerning	",0
"integrate	",0
"prescription	",0
"retail	",0
"adoption	",0
"monthly	",0
"deadly	",0
"grave	",0
"rope	",0
"reliable	",0
"transaction	",0
"lawn	",0
"consistently	",0
"mount	",0
"bubble	",0
"briefly	",0
"absorb	",0
"princess	",0
"log	",0
"blanket	",0
"kingdom	",0
"anticipate	",0
"bug	",0
"dedicate	",0
"nominee	",0
"transformation	",0
"temple	",0
"arrival	",0
"frustration	",0
"changing	",0
"demonstration	",0
"pollution	",0
"poster	",0
"nail	",0
"nonprofit	",0
"guidance	",0
"exhibit	",0
"pen	",0
"interrupt	",0
"lemon	",0
"bankruptcy	",0
"resign	",0
"dominant	",0
"invasion	",0
"sacred	",0
"replacement	",0
"portray	",0
"hunt	",0
"distinguish	",0
"melt	",0
"consensus	",0
"hardware	",0
"rail	",0
"mate	",0
"korean	",0
"cabin	",0
"dining	",0
"snake	",0
"tobacco	",0
"orientation	",0
"trigger	",0
"wherever	",0
"seize	",0
"punish	",0
"sexy	",0
"depict	",0
"input	",0
"seemingly	",0
"widespread	",0
"competitor	",0
"flip	",0
"freshman	",0
"donation	",0
"administrative	",0
"donor	",0
"gradually	",0
"overlook	",0
"toilet	",0
"pleased	",0
"resemble	",0
"ideology	",0
"glory	",0
"maximum	",0
"organ	",0
"skip	",0
"starting	",0
"brush	",0
"brick	",0
"gut	",0
"reservation	",0
"rebel	",0
"disappointed	",0
"oak	",0
"valid	",0
"instructor	",0
"rescue	",0
"racism	",0
"pension	",0
"diabetes	",0
"cluster	",0
"eager	",0
"marijuana	",0
"combat	",0
"praise	",0
"costume	",0
"sixth	",0
"frequent	",0
"inspiration	",0
"concrete	",0
"cooking	",0
"conspiracy	",0
"trait	",0
"van	",0
"institutional	",0
"garlic	",0
"drinking	",0
"crystal	",0
"pro	",0
"helicopter	",0
"counsel	",0
"equation	",0
"roman	",0
"sophisticated	",0
"timing	",0
"pope	",0
"opera	",0
"ethical	",0
"indication	",0
"motive	",0
"porch	",0
"reinforce	",0
"gaze	",0
"ours	",0
"lap	",0
"written	",0
"reverse	",0
"starter	",0
"injure	",0
"chronic	",0
"continued	",0
"exclusive	",0
"colonel	",0
"beef	",0
"abroad	",0
"thanksgiving	",0
"intensity	",0
"cave	",0
"basement	",0
"associated	",0
"fascinating	",0
"interact	",0
"illustration	",0
"essence	",0
"container	",0
"driving	",0
"dynamic	",0
"gym	",0
"bat	",0
"plead	",0
"promotion	",0
"uncertainty	",0
"ownership	",0
"officially	",0
"tag	",0
"documentary	",0
"stem	",0
"flood	",0
"guilt	",0
"alarm	",0
"turkey	",0
"diagnose	",0
"precious	",0
"swallow	",0
"initiate	",0
"fitness	",0
"restrict	",0
"gulf	",0
"mommy	",0
"unexpected	",0
"shrug	",0
"agricultural	",0
"sacrifice	",0
"spectrum	",0
"dragon	",0
"bacteria	",0
"shore	",0
"pastor	",0
"cliff	",0
"adequate	",0
"tackle	",0
"occupation	",0
"compose	",0
"slice	",0
"brave	",0
"stimulus	",0
"patent	",0
"powder	",0
"harsh	",0
"chaos	",0
"kit	",0
"piano	",0
"surprisingly	",0
"lend	",0
"correctly	",0
"govern	",0
"modest	",0
"shared	",0
"psychologist	",0
"servant	",0
"overwhelming	",0
"elevator	",0
"hispanic	",0
"divine	",0
"transmission	",0
"butt	",0
"commonly	",0
"cowboy	",0
"ease	",0
"intent	",0
"counseling	",0
"gentle	",0
"rhythm	",0
mushroom,0
"complexity	",0
"nonetheless	",0
"effectiveness	",0
"lonely	",0
"statistical	",0
"longtime	",0
"strain	",0
"garbage	",0
"devote	",0
"venture	",0
"aide	",0
"subtle	",0
"rod	",0
"civilian	",0
"tshirt	",0
"endure	",0
"basket	",0
"strict	",0
"loser	",0
"franchise	",0
"saint	",0
"prosecution	",0
"lyrics	",0
"compound	",0
"architecture	",0
"destination	",0
"cope	",0
"province	",0
"sum	",0
"lecture	",0
"spill	",0
"genuine	",0
"upstairs	",0
"trading	",0
"acceptance	",0
"revelation	",0
"indicator	",0
"collaboration	",0
"rhetoric	",0
"tune	",0
"slam	",0
"inevitable	",0
"monkey	",0
"protocol	",0
"productive	",0
"jeans	",0
"companion	",0
"convict	",0
"boost	",0
"recipient	",0
"practically	",0
"array	",0
"persuade	",0
"undermine	",0
"yep	",0
"ranch	",0
"scout	",0
"medal	",0
"endless	",0
"translation	",0
"ski	",0
"conservation	",0
"habitat	",0
"contractor	",0
"trailer	",0
"pitcher	",0
"towel	",0
"goodbye	",0
"bonus	",0
"dramatically	",0
"genre	",0
"caller	",0
"exit	",0
"hook	",0
"behavioral	",0
"omit	",0
"pit	",0
"boring	",0
"suspend	",0
"cholesterol	",0
"closed	",0
"advertisement	",0
"bombing	",0
"consult	",0
"expertise	",0
"creator	",0
"peaceful	",0
"provided	",0
"tablet	",0
"ruling	",0
"warming	",0
"equity	",0
"rational	",0
"utilize	",0
"pine	",0
"bitter	",0
"surgeon	",0
"affordable	",0
"tennis	",0
"artistic	",0
"download	",0
"suffering	",0
"accuracy	",0
"literacy	",0
"treasury	",0
"talented	",0
"crown	",0
"importantly	",0
"bare	",0
"invisible	",0
"sergeant	",0
"regulatory	",0
"thumb	",0
"colony	",0
"walking	",0
"accessible	",0
"integration	",0
"spouse	",0
"excitement	",0
"residence	",0
"bold	",0
"adolescent	",0
"greek	",0
"doll	",0
"oxygen	",0
"gravity	",0
"functional	",0
"palace	",0
"echo	",0
"cotton	",0
"estimated	",0
"endorse	",0
"lawmaker	",0
"determination	",0
"flash	",0
"simultaneously	",0
"dynamics	",0
"shell	",0
"hint	",0
"administer	",0
"christianity	",0
"distract	",0
"alleged	",0
"statute	",0
"biology	",0
"follower	",0
"nasty	",0
"evident	",0
"confess	",0
"eligible	",0
"consent	",0
"pump	",0
"bloody	",0
"occasional	",0
"trunk	",0
"prohibit	",0
"sustainable	",0
"belly	",0
"banking	",0
"asshole	",0
"journalism	",0
"obstacle	",0
"ridge	",0
"heal	",0
"bastard	",0
"cheer	",1
"apology	",0
"tumor	",0
"architect	",0
"wrist	",0
"harbor	",0
"handsome	",0
"bullshit	",0
"realm	",0
"twist	",0
"inspector	",0
"surveillance	",0
"trauma	",0
"rebuild	",0
"romance	",0
"gross	",0
"deadline	",0
"classical	",0
"convey	",0
"compensation	",0
"insect	",0
"output	",0
"parliament	",0
"suite	",0
"opposed	",0
"fold	",0
"separation	",0
"demon	",0
"eating	",0
"structural	",0
"equality	",0
"logical	",0
"probability	",0
"await	",0
"generous	",0
"acquisition	",0
"custody	",0
"compromise	",0
"greet	",0
"trash	",0
"judicial	",0
"earthquake	",0
"insane	",0
"realistic	",0
"assemble	",0
"necessity	",0
"horn	",0
"parameter	",0
"grip	",0
"modify	",0
"sponsor	",0
"mathematics	",0
"hallway	",0
"africanamerican	",0
"liability	",0
"crawl	",0
"theoretical	",0
"condemn	",0
"fluid	",0
"homeland	",0
"technological	",0
"exam	",0
"anchor	",0
"spell	",0
"considering	",0
"conscious	",0
"vitamin	",0
"known	",0
"hostage	",0
"actively	",0
"mill	",0
"teenage	",0
"retrieve	",0
"processing	",0
"sentiment	",0
"offering	",0
"oral	",0
"convinced	",0
"photography	",0
"coin	",0
"laptop	",0
"bounce	",0
"goodness	",0
"affiliation	",0
"punch	",0
"burst	",0
"bee	",0
"blessing	",0
"continuous	",0
"landing	",0
"repair	",0
"ritual	",0
"bath	",0
"sneak	",0
"historically	",0
"mud	",0
"scan	",0
"reminder	",0
"hers	",0
"slavery	",0
"supervisor	",0
"quantity	",0
"olympics	",0
"pleasant	",0
"slope	",0
"skirt	",0
"outlet	",0
"curtain	",0
"declaration	",0
"seal	",0
"immune	",0
"calendar	",0
"paragraph	",0
"identical	",0
"regret	",0
"quest	",0
"entrepreneur	",0
"specify	",0
"stumble	",0
"clay	",0
"noon	",0
"elbow	",0
"outstanding	",0
"uhhuh	",0
"unity	",0
"manipulate	",0
"airplane	",0
"portfolio	",0
"mysterious	",0
"delicious	",0
"northwest	",0
"sweat	",0
"profound	",0
"treasure	",0
"flour	",0
"lightly	",0
"rally	",0
"default	",0
"alongside	",0
"hug	",0
"isolate	",0
"exploration	",0
"limb	",0
"enroll	",0
"outer	",0
"charter	",0
"southwest	",0
"arena	",0
"witch	",0
"upcoming	",0
"forty	",0
"someday	",0
"unite	",0
"courtesy	",0
"statue	",0
"fist	",0
"castle	",0
"precise	",0
"squad	",0
"cruise	",0
"legally	",0
"embassy	",0
"patience	",0
"thereby	",0
"bush	",0
"purple	",0
"electrical	",0
"outfit	",0
"cage	",0
"retired	",0
"shark	",0
"lobby	",0
"sidewalk	",0
"runner	",0
"ankle	",0
"attraction	",0
"artificial	",0
"mercy	",0
"indigenous	",0
"slap	",0
"dancer	",0
"candle	",0
"sexually	",0
"needle	",0
"hidden	",0
"chronicle	",0
"suburb	",0
"toxic	",0
"underlying	",0
"sensor	",0
"deploy	",0
"debut	",0
"magnitude	",0
"suspicion	",0
"colonial	",0
"icon	",0
"grandma	",0
"info	",0
"jurisdiction	",0
"iranian	",0
"parade	",0
"archive	",0
"gifted	",0
"rage	",0
"outdoor	",0
"ending	",0
"loop	",0
"altogether	",0
"burning	",0
"reception	",0
"crush	",0
"premise	",0
"deem	",0
"automatic	",0
"whale	",0
"mechanical	",0
"credibility	",0
"drain	",0
"drift	",0
"loyalty	",0
"promising	",0
"tide	",0
"traveler	",0
"grief	",0
"metaphor	",0
"skull	",0
"pursuit	",0
"therapist	",0
"backup	",0
"workplace	",0
"instinct	",0
"export	",0
"bleed	",0
"seventh	",0
"fixed	",0
"broadcast	",0
"disclose	",0
"execution	",0
"pal	",0
"chuckle	",0
"density	",0
"correction	",0
"kinda	",0
"relieve	",0
"teammate	",0
"corridor	",0
"enthusiasm	",0
"extended	",0
"alright	",0
"panic	",0
"pad	",0
"bid	",0
"mild	",0
"productivity	",0
"tuck	",0
"railroad	",0
"frozen	",0
"minimize	",0
"amid	",0
"inspection	",0
"cab	",0
"expected	",0
"nonsense	",0
"leap	",0
"rider	",0
"theology	",0
"terrific	",0
"accent	",0
"invitation	",0
"liar	",0
"oversee	",0
"awkward	",0
"registration	",0
"suburban	",0
"momentum	",0
"instantly	",0
"clerk	",0
"chin	",0
"hockey	",0
"laser	",0
"proposition	",0
"rob	",0
"beam	",0
"ancestor	",0
"creativity	",0
"verse	",0
"casual	",0
"objection	",0
"clever	",0
"shove	",0
"revolutionary	",0
"carbohydrate	",0
"steam	",0
"reportedly	",0
"forehead	",0
"resume	",0
"sheep	",0
"carpet	",0
"cloth	",0
"interior	",0
"fulltime	",0
"questionnaire	",0
"departure	",0
"behalf	",0
"graph	",0
"diplomatic	",0
"thief	",0
"herb	",0
"subsidy	",0
"fossil	",0
"patrol	",0
"pulse	",0
"mechanic	",0
"cattle	",0
"screening	",0
"continuing	",0
"electoral	",0
"supposedly	",0
"dignity	",0
"prophet	",0
"commentary	",0
"serving	",0
"safely	",0
"homework	",0
"allegedly	",0
"android	",0
"alpha	",0
"insert	",0
"mortality	",0
"contend	",0
"elephant	",0
"solely	",0
"continent	",0
"ecosystem	",0
"olive	",0
"syndrome	",0
"abstract	",0
"accusation	",0
"coming	",0
"sock	",0
"pickup	",0
"shuttle	",0
"improved	",0
"calculation	",0
"innovative	",0
"demographic	",0
"accommodate	",0
"jaw	",0
"unfair	",0
"tragic	",0
"comprise	",0
"faster	",0
"nutrition	",0
"mentor	",0
"stance	",0
"rabbit	",0
"dot	",0
"contributor	",0
"cooperate	",0
"disk	",0
"hesitate	",0
"offend	",0
"exploit	",0
"compel	",0
"likelihood	",0
"sibling	",0
"southeast	",0
"gorgeous	",0
"undertake	",0
"painter	",0
"residential	",0
"counterpart	",0
"believer	",0
"lamp	",0
"inmate	",0
"thoroughly	",0
"freak	",0
"filter	",0
"pillow	",0
"orbit	",0
"purse	",0
"likewise	",0
"cease	",0
"passing	",0
"vanish	",0
"instructional	",0
"clause	",0
"mentally	",0
"pond	",0
"neutral	",0
"shield	",0
"popularity	",0
"cartoon	",0
"authorize	",0
"combined	",0
"graphic	",0
"darling	",0
"traditionally	",0
"vendor	",0
"poorly	",0
"conceive	",0
"opt	",0
"descend	",0
"firmly	",0
"beloved	",0
"openly	",0
"gathering	",0
"fever	",0
"preach	",0
"interfere	",0
"arrow	",0
"required	",0
"capitalism	",0
"fork	",0
"meantime	",0
"presumably	",0
"racist	",0
"illusion	",0
"removal	",0
"anxious	",0
"organism	",0
"awake	",0
"sculpture	",0
"spare	",0
"harassment	",0
"drum	",0
"diminish	",0
"helmet	",0
"certificate	",0
"tribal	",0
"mmm	",0
"sadly	",0
"cart	",0
"spy	",0
"sunlight	",0
"delete	",0
"rookie	",0
"clarify	",0
"hunger	",0
"practitioner	",0
"performer	",0
"protective	",0
"jar	",0
"programming	",0
"dawn	",0
"salmon	",0
"census	",0
"accomplishment	",0
"conscience	",0
"fortunately	",0
"minimal	",0
"molecule	",0
"supportive	",0
"sole	",0
"threshold	",0
"inventory	",0
"comply	",0
"monetary	",0
"transport	",0
"shy	",0
"drill	",0
"influential	",0
"verbal	",0
"ranking	",0
"gram	",0
"grasp	",0
"puzzle	",0
"envelope	",0
"classify	",0
"enact	",0
"unfortunate	",0
"scatter	",0
"cure	",0
"readily	",0
"discount	",0
"addiction	",0
"emerging	",0
"worthy	",0
"marker	",0
"juror	",0
"blend	",0
"businessman	",0
"premium	",0
"retailer	",0
"liver	",0
"pirate	",0
"protester	",0
"outlook	",0
"elder	",0
"gallon	",0
"additionally	",0
"ignorance	",0
"chemistry	",0
"sometime	",0
"weed	",0
"babe	",0
"fraction	",0
"conversion	",0
"tolerate	",0
"drown	",0
"merit	",0
"citizenship	",0
"coordinator	",0
"validity	",0
"lightning	",0
"turtle	",0
"ambition	",0
"worldwide	",0
"sail	",0
"added	",0
"delicate	",0
"comic	",0
"soap	",0
"hostile	",0
"instruct	",0
"shortage	",0
"useless	",0
"booth	",0
"diary	",0
"gasp	",0
"suspicious	",0
"transit	",0
"excite	",0
"publishing	",0
"curiosity	",0
"grid	",0
"rolling	",0
"bow	",0
"cruel	",0
"disclosure	",0
"rival	",0
"denial	",0
"secular	",0
"speculation	",0
"sympathy	",0
"tender	",0
"inappropriate	",0
"o'clock	",0
"sodium	",0
"bang	",0
"challenging	",0
"ipad	",0
"sack	",0
"barn	",0
"reliability	",0
"hormone	",0
"footage	",0
"carve	",0
"alley	",0
"coastal	",0
"cafe	",0
"partial	",0
"flexible	",0
"experienced	",0
"mixed	",0
"vampire	",0
"optimistic	",0
"dessert	",0
"wellbeing	",0
"northeast	",0
"specialize	",0
"fleet	",0
"availability	",0
"compliance	",0
"pin	",0
"pork	",0
"astronomer	",0
"forbid	",0
"installation	",0
"boil	",0
"nest	",0
"exclusively	",0
"goat	",0
"shallow	",0
"equip	",0
"equivalent	",0
"betray	",0
"willingness	",0
"banker	",0
"interval	",0
"gasoline	",0
"encouraging	",0
"bucket	",0
"theft	",0
"laundry	",0
"constraint	",0
"dying	",0
"hatred	",0
"jewelry	",0
"migration	",0
"invention	",0
"loving	",0
"revenge	",0
"unprecedented	",0
"outline	",0
"sheer	",0
"halloween	",0
"sweetheart	",0
"spit	",0
"lazy	",0
"intimate	",0
"defender	",0
"technically	",0
"peanut	",0
"unclear	",0
"piss	",0
"workout	",0
"wilderness	",0
"compelling	",0
"eleven	",0
"backyard	",0
"alike	",0
"partially	",0
"guardian	",0
"passionate	",0
"scripture	",0
"midst	",0
"ideological	",0
"thrive	",0
"sensitivity	",0
"emotionally	",0
"ignorant	",0
"explicitly	",0
"unfold	",0
"headache	",0
"eternal	",0
"chop	",0
"ego	",0
"spectacular	",0
"deposit	",0
"verdict	",0
"accountability	",0
"nominate	",0
"civic	",0
"uncover	",0
"critique	",0
"aisle	",0
"tropical	",0
"annually	",0
"eighth	",0
"blast	",0
"corrupt	",0
"compassion	",0
"scratch	",0
"verify	",0
"offender	",0
"inherit	",0
"strive	",0
"chunk	",0
"appreciation	",0
"canvas	",0
"shortterm	",0
"proceedings	",0
"magical	",0
"loyal	",0
"aah	",0
"desperately	",0
"throne	",0
"brutal	",0
"spite	",0
"propaganda	",0
"irony	",0
"soda	",0
"projection	",0
"dutch	",0
"parental	",0
"disabled	",0
"collector	",0
"reelection	",0
"disappointment	",0
"happily	",0
"steep	",0
"fancy	",0
"listener	",0
"whip	",0
"drawer	",0
"heck	",0
"developmental	",0
"ash	",0
"socially	",0
"courtroom	",0
"stamp	",0
"solo	",0
"trainer	",0
"induce	",0
"anytime	",0
"morality	",0
"syrian	",0
"pipeline	",0
"bride	",0
"instant	",0
"spark	",0
"doorway	",0
"interface	",0
"learner	",0
"casino	",0
"placement	",0
"cord	",0
"conception	",0
"flexibility	",0
"thou	",0
"elegant	",0
"flaw	",0
"locker	",0
"peel	",0
"plea	",0
"goddamn	",0
"import	",0
"stack	",0
"gosh	",0
"philosophical	",0
"junk	",0
"bicycle	",0
"vocal	",0
"chew	",0
"destiny	",0
"ambitious	",0
"unbelievable	",0
"halfway	",0
"jealous	",0
"sphere	",0
"invade	",0
"excessive	",0
"countless	",0
"sunset	",0
"accounting	",0
"faithful	",0
"freely	",0
"extract	",1
"adaptation	",0
"ray	",0
"depressed	",0
"emperor	",0
"wagon	",0
"columnist	",0
"jungle	",0
cannon,0
"embarrassed	",0
"trillion	",0
"breeze	",0
"foster	",0
"venue	",0
"discourage	",0
"disturbing	",0
"riot	",0
"isolation	",0
"explicit	",0
"commodity	",0
"attendance	",0
"tab	",0
"consequently	",0
"dough	",0
"streak	",0
"silk	",0
"similarity	",0
"steak	",0
"dancing	",0
"petition	",0
"viable	",0
"breathing	",0
"mm	",0
"balloon	",0
"monument	",0
"cue	",0
"sleeve	",1
"toll	",0
"reluctant	",0
"warrant	",0
"stiff	",0
"tattoo	",0
"softly	",0
"graduation	",0
"deliberately	",0
"consecutive	",0
"upgrade	",0
"accurately	",0
"strictly	",0
"leak	",0
"casualty	",0
"risky	",0
"banana	",0
"blank	",0
"beneficial	",0
"shrink	",0
"chat	",0
"rack	",0
"rude	",0
"usage	",0
"testament	",0
"browser	",1
"processor	",0
"thigh	",0
"perceived	",0
"talking	",0
"merchant	",0
"quantum	",0
"eyebrow	",0
"surrounding	",0
"vocabulary	",0
"ashamed	",0
"eh	",0
"radar	",0
"stunning	",0
"murderer	",0
"burger	",0
"collar	",0
"align	",0
"textbook	",0
"sensation	",0
"afterward	",0
"charm	",0
"sunny	",0
"hammer	",0
"keyboard	",0
"persist	",0
"wheat	",0
"predator	",0
"bizarre	",0
